{"cameraMode":{"drawMode":0,"name":"Shaded","section":"Shading Mode"},"sceneLighting":true,"audioPlay":false,"sceneViewState":{"m_AlwaysRefresh":false,"showFog":true,"showSkybox":true,"showFlares":true,"showImageEffects":true,"showParticleSystems":true,"showVisualEffectGraphs":true,"m_FxEnabled":true},"in2DMode":false,"pivot":{"x":2.498126268386841,"y":6.5360283851623539,"z":-19.975543975830079},"rotation":{"x":-0.055752430111169818,"y":0.03108878806233406,"z":-0.0009084265329875052,"w":-0.9975409507751465},"size":1.3462029695510865,"orthographic":true}